강원-고성-2025-00066.png,https://storage.googleapis.com/capstone-366a6.firebasestorage.app/%EA%B0%95%EC%9B%90-%EA%B3%A0%EC%84%B1-2025-00066.png?X-Goog-Algorithm=GOOG4-RSA-SHA256&X-Goog-Credential=firebase-adminsdk-fbsvc%40capstone-366a6.iam.gserviceaccount.com%2F20251006%2Fauto%2Fstorage%2Fgoog4_request&X-Goog-Date=20251006T141912Z&X-Goog-Expires=3600&X-Goog-SignedHeaders=host&X-Goog-Signature=7295fe4c76c7ae4241d3a6f3cf4fb1143837eb1364dbd6ad743b0d7d287587339eba4aaa3a17b292d79093d6554d0de72de75eaf46a3dc104850aa624d4afcc168ac273a7972f2eebde9978589a3374ca8bfdce72f0d1aa8b440dd55a6b6bc1a0c13a3e7fce0bbf396ac5e9498be1a92f3b0051f4e13f0a02e6ce6e728336413ec6114c8d81d1154bf60f38f6c782952b6772b21aba81733adc4d9d45992719ae77dc449ad073de08eb2420550980adda1b984f31421f55aa5b141f11ea040f9952d46bad7e5e5bc6fbec01066b86d20e5904bdeb4c9bcc0ade92cb24b88bbbea06ec8243a0fa0da8405f2d0561358bb8e871e62129a4da77774081c3bc1866f
강원-고성-2025-00120.png,https://storage.googleapis.com/capstone-366a6.firebasestorage.app/%EA%B0%95%EC%9B%90-%EA%B3%A0%EC%84%B1-2025-00120.png?X-Goog-Algorithm=GOOG4-RSA-SHA256&X-Goog-Credential=firebase-adminsdk-fbsvc%40capstone-366a6.iam.gserviceaccount.com%2F20251006%2Fauto%2Fstorage%2Fgoog4_request&X-Goog-Date=20251006T141912Z&X-Goog-Expires=3600&X-Goog-SignedHeaders=host&X-Goog-Signature=250f0f47148c09a65970c95f8177868bbefc0ffa27fb274dc0dc583fd2535b6bcda8438e36b391696c2aa6eff40e18371501914ac1bf66ede3bc2462c1b4adc0a2d073cb70073c9ad89764703281b324f53511b0796f8e6599c8e024343617c41ec61446ba59369d5f8f2dc74132ae7681417f20739e773c3b1e3faae75757196b8b40e431ad8a241c040d9eb2e5d1b24b6d958188c8b75c816c732e499862595174b7f8d6fd2bb5d945eccfc555bf518c23ffc489dae529fb5519b221969cb1653af95f5b4c6dd9e27a85b272ff56582713e90e84e8dc7088dc0b01a66ad0d4d22b3b7ed675d7ddeec202ce04f29d1f80a3d228736593943b93d18bad58a209
강원-원주-2025-00384.png,https://storage.googleapis.com/capstone-366a6.firebasestorage.app/%EA%B0%95%EC%9B%90-%EC%9B%90%EC%A3%BC-2025-00384.png?X-Goog-Algorithm=GOOG4-RSA-SHA256&X-Goog-Credential=firebase-adminsdk-fbsvc%40capstone-366a6.iam.gserviceaccount.com%2F20251006%2Fauto%2Fstorage%2Fgoog4_request&X-Goog-Date=20251006T141912Z&X-Goog-Expires=3600&X-Goog-SignedHeaders=host&X-Goog-Signature=6abc31d6067fa625fe1f7b7ad644ff05c1090e2e98c9e19dac88753751b6745b00dd6bdebbf26d2ea0758e75c5f725baf1c2686bf200d748fe8841e49a94eca12014e5c2d8eba2a7ea3d799c3dc3469066644db139c022acb6e1bf6d4b28998a3388eadaf0cdee41e6fe9f922d3a7a145c7e00a585e1ff3755aefec8a32b949c7a445ea1463cd703d16b44ddef9200543b66b737612a1c6961bfbc4c8cee41e0ce30e96ff88f43b9ac926e7ade21a7716ddc55dc49621e0255747db13209ccd4fba0cefc7b4ed965ebfa3dc81f7646cf448c7f69de5fc1735ef53dfe52995632d21599dfd62064f46812f01209314ceb1364d260367c4fc18983d3a8fc2e5ba0
강원-횡성-2025-00110.png,https://storage.googleapis.com/capstone-366a6.firebasestorage.app/%EA%B0%95%EC%9B%90-%ED%9A%A1%EC%84%B1-2025-00110.png?X-Goog-Algorithm=GOOG4-RSA-SHA256&X-Goog-Credential=firebase-adminsdk-fbsvc%40capstone-366a6.iam.gserviceaccount.com%2F20251006%2Fauto%2Fstorage%2Fgoog4_request&X-Goog-Date=20251006T141912Z&X-Goog-Expires=3600&X-Goog-SignedHeaders=host&X-Goog-Signature=6803d3bd473e8731214980743cda09b3d6500562cb720a377ad96b04a07ddad3e596d03da8cc1715da578b2db6c5e41d60cf4abbb4b545bed16c79c2d04c4643437b626379e5bc61bd068ae59b150f2188b79508cbc5786001cf86e6a33beddcee94830a8d40f167341bbded366780e93e730ec4497c05d369fddaebe91ad89f421c6775a1284ace94032f3293f2bd6517da15743a82a29bab05be7e1767b30eeefcd7fe6304a16ce7ef50ccacd7492ad772192a4367c691c0729d7ddeb73008699d39f4db5ff3853cd35d4e3dda64e2a52b4c0e000be65478c4d42bd041b22ab96662794e8838f3355ecb1cf29bd1db3ee0dfee6a5920a9a5590d1b4fe7796e
경기-고양-2025-00628.png,https://storage.googleapis.com/capstone-366a6.firebasestorage.app/%EA%B2%BD%EA%B8%B0-%EA%B3%A0%EC%96%91-2025-00628.png?X-Goog-Algorithm=GOOG4-RSA-SHA256&X-Goog-Credential=firebase-adminsdk-fbsvc%40capstone-366a6.iam.gserviceaccount.com%2F20251006%2Fauto%2Fstorage%2Fgoog4_request&X-Goog-Date=20251006T141912Z&X-Goog-Expires=3600&X-Goog-SignedHeaders=host&X-Goog-Signature=9b2df8998cf4b46620498f34478db9f7ca5b02e279ad1d38da0206d2be1d7377e06346847f39e439f4348b8618d74a9f1b02c3297be75fbfd0a6acb0aec2b6388cd03915e41ff2ab3da726f015c7040ae3cbc0cf450e204dbd909d8291fcf6f8d4cfed6f39c4f95e45721adfb3126d5fd9f035b1bb6c64445ea8105bfb8c36068ec23a8664d0f7a094f676cb36dc2e250f2707662ff0a817b11d2f0052e173e28645a4ec964cf4699410f946c40a967320e76b9e5e49732cc0d90af329a885a5e24e81c7f2b69f9e746ad1f99e9d3cb8bd6a857eb9676ffe4fd1c63374c33f5a91c2e0e60e0c572f4b91b83d733b4d2d07aaf1285a8a2f6cf62651722f1d1b18
경기-군포-2025-00173.png,https://storage.googleapis.com/capstone-366a6.firebasestorage.app/%EA%B2%BD%EA%B8%B0-%EA%B5%B0%ED%8F%AC-2025-00173.png?X-Goog-Algorithm=GOOG4-RSA-SHA256&X-Goog-Credential=firebase-adminsdk-fbsvc%40capstone-366a6.iam.gserviceaccount.com%2F20251006%2Fauto%2Fstorage%2Fgoog4_request&X-Goog-Date=20251006T141912Z&X-Goog-Expires=3600&X-Goog-SignedHeaders=host&X-Goog-Signature=62540949444e019f8204a07a279b42efd77876d1233f7827335df5827b49279e1fa3e3fd18421fab3871fa3723a7bf52e40f6c3a69318d903d9db72ab69cb5e9016d6d70857a1ccc58c034e3e62ed207e41abca7ad17fe826094d2e8220494cf376c061f4d9b948b49bffb10dbd6d96f8206c952990fbce2299568ef5564d527fedd5bde4be62e63fa729131279fe06a7b7514aa3639e44854bbddc417da7dd7fc4547b28403c85c2f0c1ad72134f536ad61fa88d424f391ad1c340e0fa0e38eae636d5572fa2258944666c013d713b4f4d63d76bade857cef57c5e761824814e4f32f17ff4705333770dfd4f758e0bc6f27a5f2be0f6e191552ffb00d42b5b3
경기-수원-2025-00452.png,https://storage.googleapis.com/capstone-366a6.firebasestorage.app/%EA%B2%BD%EA%B8%B0-%EC%88%98%EC%9B%90-2025-00452.png?X-Goog-Algorithm=GOOG4-RSA-SHA256&X-Goog-Credential=firebase-adminsdk-fbsvc%40capstone-366a6.iam.gserviceaccount.com%2F20251006%2Fauto%2Fstorage%2Fgoog4_request&X-Goog-Date=20251006T141912Z&X-Goog-Expires=3600&X-Goog-SignedHeaders=host&X-Goog-Signature=46143cd51968904e8d10295cddb6272d26b5114df7c62469117fcfe9b564b0d1c0f2ea0f212a270b09db6eb24626c4284f611564813989a4bce2eb88074c634a0817fdd57c53e18442bfcc98eaa08b57bcefc4cdda8018d4149b30a74d0a380e76541f0196f3f314a160b6ae45ced5ca69db6c2a8fcc9ae9b85f7a30b79d90b26d5c820915924560e726cd08bb5d780591a42dbb25a9dc33e44996b9209665f7754eee3f70131d7bae5f08ce8b0cbb302438b939ec92fc9b1af21e085df01aa03e2501e6af4e13274af690b55f0dee66a0b0aee8f69fc05b68812bea3f4e9a25452d35ae82182dc74f613128572aa988da4f83d1b3562006d92fbb867ee59f01
경기-안산-2025-00522.png,https://storage.googleapis.com/capstone-366a6.firebasestorage.app/%EA%B2%BD%EA%B8%B0-%EC%95%88%EC%82%B0-2025-00522.png?X-Goog-Algorithm=GOOG4-RSA-SHA256&X-Goog-Credential=firebase-adminsdk-fbsvc%40capstone-366a6.iam.gserviceaccount.com%2F20251006%2Fauto%2Fstorage%2Fgoog4_request&X-Goog-Date=20251006T141912Z&X-Goog-Expires=3600&X-Goog-SignedHeaders=host&X-Goog-Signature=af821b552940ed1b46c60465d9629443f750d59edf1b2c6c2dbe19155ad8798452340154a1f178ae80722ca48c8f1d4ccd176440a6fa82b14cd1fc0cb23caa146ea13703d12d8a7a6e53b29d14b9d0f93ef496e526fde7e2d9369fd6f048d3807d29274144223bfff4c3cd25d905dbfd1e4bff2b4c424169bcaa1621141417f0d5c2399f8faa4a4b1e43801f597ea340908e7750fa2f23b52487b726579d6e9186816c469cad3bce065066f64d76283f58180089df9ced722c57e7c175a493fb286aeaf124af003d4b08312105b5615602db1c84e22640c814cc3a702e04572a61da7f4ce48924ae57854bec357e4bcd927ad42b8f79dea0ce2e27c23f21b728
경기-안산-2025-00526.png,https://storage.googleapis.com/capstone-366a6.firebasestorage.app/%EA%B2%BD%EA%B8%B0-%EC%95%88%EC%82%B0-2025-00526.png?X-Goog-Algorithm=GOOG4-RSA-SHA256&X-Goog-Credential=firebase-adminsdk-fbsvc%40capstone-366a6.iam.gserviceaccount.com%2F20251006%2Fauto%2Fstorage%2Fgoog4_request&X-Goog-Date=20251006T141912Z&X-Goog-Expires=3600&X-Goog-SignedHeaders=host&X-Goog-Signature=3bcef813d34e3c5ffc5e00d06d53751338d8db2571b504b20fa3e9c5e883df2697cf5ac4aeb6392fbbd5cfb0733f3efd1c66b15855b5092722920d0a157a77b67d42facd5cf02270b72aef94e05c3b8245c374c176a26966ba195b5c4fa098a027bfee00ec41f0a322e020acb01f5fcc08625a06910d02d1d12f683e98d2164e6bdceb84971d6200312e7cf219096645b9f5d04e4495e6ae3d8398fe4580f8be416529df1425163aa1cd2c54a3304a71f9d96708d8f7ae6c71f32bfbc816d0e3a2b42c79856bd12b262ea662911665ed61360ead0f1e9de9d266be105f0bc3a5be5075af2ff999edb74a17d8169fa4087cdb5b299ebc631eba30f15e75fa2325
경기-용인-2025-00440.png,https://storage.googleapis.com/capstone-366a6.firebasestorage.app/%EA%B2%BD%EA%B8%B0-%EC%9A%A9%EC%9D%B8-2025-00440.png?X-Goog-Algorithm=GOOG4-RSA-SHA256&X-Goog-Credential=firebase-adminsdk-fbsvc%40capstone-366a6.iam.gserviceaccount.com%2F20251006%2Fauto%2Fstorage%2Fgoog4_request&X-Goog-Date=20251006T141912Z&X-Goog-Expires=3600&X-Goog-SignedHeaders=host&X-Goog-Signature=4bee2bfd521c579c5d76a3c2243da13dbba7693cabd124ce8abd97e34c9f8fb18343a582f4375ebc44be738997c7f1bd1b80918930b494ba74bcc3c6aa726e0978d217f09d4e1ab405bb8f4ffdbd6f8808d52c813fd4eb60881417acd159fb7c73cee90741c7816495b55e0a5e13021720ae124a18f14bd7017c60ed107ccffa053208b19f8fe65203ff60dafda81533f7e934682331e36601c7984a88581b61da890b39024270cea98f6ec94c1dcf9480aa215b1d10087f75d5291572ea4086056092763c5f5371af84100d60d4c445065685b1adaa3ec27e045071fd5e37c398e9b98c1b6faabba9546b2bdeabd8a8f7c98fb9ab9556b7130b581cbb0af802
경기-이천-2025-00498.png,https://storage.googleapis.com/capstone-366a6.firebasestorage.app/%EA%B2%BD%EA%B8%B0-%EC%9D%B4%EC%B2%9C-2025-00498.png?X-Goog-Algorithm=GOOG4-RSA-SHA256&X-Goog-Credential=firebase-adminsdk-fbsvc%40capstone-366a6.iam.gserviceaccount.com%2F20251006%2Fauto%2Fstorage%2Fgoog4_request&X-Goog-Date=20251006T141912Z&X-Goog-Expires=3600&X-Goog-SignedHeaders=host&X-Goog-Signature=a69936dc3acce35c7167a96d8257eebacf4e62a426f6fe3a7427e7fbe33b8303792eca47a6906def33d6a27953d0977beccde92f266372a91f469cf0434235a4d0f01e528a3c20acfd42a8dc3c5597a270ff9fa49f3248fcb8e3770b6033d3e2daa84626f11c2904866cc793a92cc7fbf68acad2e0ffb6104c6050252b0980fb0cb8adae88181c11f161da110360406f9a2148839266afc8a127ca09a326532d7b0942b3324b8c3cec93988cd88af7a529b3b79e55daca322a2c162b100c9ceca7e73c55458941f32a06662deabb9497fb5b36c0bd07e672c95097eea702102de7e12a9aae6d994257287c72507bf173f5366c36ba25e9af7a594ad7ad29c429
경기-평택-2025-01083.png,https://storage.googleapis.com/capstone-366a6.firebasestorage.app/%EA%B2%BD%EA%B8%B0-%ED%8F%89%ED%83%9D-2025-01083.png?X-Goog-Algorithm=GOOG4-RSA-SHA256&X-Goog-Credential=firebase-adminsdk-fbsvc%40capstone-366a6.iam.gserviceaccount.com%2F20251006%2Fauto%2Fstorage%2Fgoog4_request&X-Goog-Date=20251006T141912Z&X-Goog-Expires=3600&X-Goog-SignedHeaders=host&X-Goog-Signature=2fdd22588353bd68e319c8c5e4a5678ac55cc6dc5a0d0cf3e4744cdf224ee4fa25a3eff058240d1f85df4e077568e0e73ec7505db115ca405e24fcba5057aeac92d59ab1ba3b9cb7ffb25e82b5dac93ee4ff9c698822cb458abe7c7650ec25bcabc1ea9cc40deeac7c368e8b4e04d8f6ddaa61075a5d35c734790d5eaaf4f0fb56529b0178a9121917a746d8a1bf5418ae9284cb2ea872363351e2d1b085b6705a97e3bf286e2daa7cd39cf39fa943ee1ea927339d990a6a07938a811ee3120c01db803e58589f2691e3979ba4bb08e5324b348c7b1f4cefb827b65158d93810eaa687007d29e6b3782605204d2e008567f1864b5e47be911d42d9857d400b31
경기-평택-2025-01122.png,https://storage.googleapis.com/capstone-366a6.firebasestorage.app/%EA%B2%BD%EA%B8%B0-%ED%8F%89%ED%83%9D-2025-01122.png?X-Goog-Algorithm=GOOG4-RSA-SHA256&X-Goog-Credential=firebase-adminsdk-fbsvc%40capstone-366a6.iam.gserviceaccount.com%2F20251006%2Fauto%2Fstorage%2Fgoog4_request&X-Goog-Date=20251006T141912Z&X-Goog-Expires=3600&X-Goog-SignedHeaders=host&X-Goog-Signature=4f3bd85449f3e5455385d77b27106fbdd5e2895c7f0e08c2e5891f3264f5ccd3f039ce5e6de7879e3e64ef4fd24a645fe3f8170fe391629aa5635a53d4a93d90720d784466eec95ee425918ecd1757a005e1c3aa783d8436ae6884e53087c5adf5e76129343494a7cf6be75597cd715d1604340baa7e145c6657db68ef16f6ac3931e9ad653d32b45771debb8958f664fa10ad3fcfa09b59c37ad5d4e135286a37cfb9b5cea521a8253a57a9d0a01b56aa5cd40c0ebad0e1f71e8302575ab4e2a10087cd17b6bfef7b1ac38168c75922eaafe52ee4c5c017fd4315197e1a4b0f77cad8a06cbadf63a09cd47e5301199abe3f8fe732436118d50327e8dde1913d
경기-평택-2025-01139.png,https://storage.googleapis.com/capstone-366a6.firebasestorage.app/%EA%B2%BD%EA%B8%B0-%ED%8F%89%ED%83%9D-2025-01139.png?X-Goog-Algorithm=GOOG4-RSA-SHA256&X-Goog-Credential=firebase-adminsdk-fbsvc%40capstone-366a6.iam.gserviceaccount.com%2F20251006%2Fauto%2Fstorage%2Fgoog4_request&X-Goog-Date=20251006T141912Z&X-Goog-Expires=3600&X-Goog-SignedHeaders=host&X-Goog-Signature=3f65d575a4e01cf2e675e6f83d3fe45a93ec9a043c6772d6543b7f277be21a5d37496e960200a2ff05132d20fbf85519d646f37c3d94425b967e264b11a84fd1432535f59da1a34d06eba813a6c52a7ee2e9fd1e038ea1be18f8d5def867f0a3456dba5ae743a658365199a1d2e14f1397e5af6472ef6386d36f23f1af064e00bfc91080e86576da7a8536a30adf8433970a03f78f33210652e6edbb4c68119b28c186ece2d9f0a0e8a7c34102e36d798a44f2b6dfeb3d1589dfcdd540adb3184c35cc4e14cbd1aadac4b77f4e281d4374bd72ede84cc83ffcdbc653ee7158687e511894a545e006749b3fb364960af6165a779c938c9e6def23fb838570584b
경남-진주-2025-00233.png,https://storage.googleapis.com/capstone-366a6.firebasestorage.app/%EA%B2%BD%EB%82%A8-%EC%A7%84%EC%A3%BC-2025-00233.png?X-Goog-Algorithm=GOOG4-RSA-SHA256&X-Goog-Credential=firebase-adminsdk-fbsvc%40capstone-366a6.iam.gserviceaccount.com%2F20251006%2Fauto%2Fstorage%2Fgoog4_request&X-Goog-Date=20251006T141912Z&X-Goog-Expires=3600&X-Goog-SignedHeaders=host&X-Goog-Signature=39d9450eeaefa454da950720dcb689d4a5b34c5712e0f6f0402bc679d4cd165247800031a022c860d3f5023a93466753f6fd6461a6402e4a4bce06e1c573dd1610e6a250dc22244623fb6cd52cded2762974eab0c040e2e9ddb939119247cc295c5c5b62d65f4c4473df0d08a1ff138a2856ca6e4efea335783a9e23ddfedb9c930e2741f55b20f500bb3263736cc439933ada23d26b585648a76c0f35555cfcd14290f6e0fdfde8117d0f9a3502c5d0bbce84bd01a8ccacc06e863c97e03df3b928e6699b5c33fcf91c7e1c32bda6a818fe0ceb3401f5cd3726cfd10bee3989a7d3958d1553fab1b3c8cead9a53dc75059cdab9058bfacc0edde76abd62d2ad
경남-창녕-2025-00321.png,https://storage.googleapis.com/capstone-366a6.firebasestorage.app/%EA%B2%BD%EB%82%A8-%EC%B0%BD%EB%85%95-2025-00321.png?X-Goog-Algorithm=GOOG4-RSA-SHA256&X-Goog-Credential=firebase-adminsdk-fbsvc%40capstone-366a6.iam.gserviceaccount.com%2F20251006%2Fauto%2Fstorage%2Fgoog4_request&X-Goog-Date=20251006T141912Z&X-Goog-Expires=3600&X-Goog-SignedHeaders=host&X-Goog-Signature=b147362d8c853ed8771b0f5dfd9c21500bb4dfeb2ff8b10c835462126c86175334e2978e4e92adbb59e2c71f22c95e2bb64543577012e0c92ce185a8f06cb301fd50af48ed22a3a2a923bf8d1e01eab378243bdef52535f79e299579476d6f05bb348546436dfd35d35fcd23119b605b9a184c1e9f4e92c437a38eae7b5cdc379c64f2de05dded5ffc36ccd5e070c92c80610fdf92e7db9e280134c2358215acdac89d9e84a0b393ccaba4abe616575abf9a03158c5a512bd7de5cc8ba2cc7473f75d70c856cc71d3b0f88a9a8a3e4a941235473ef882a35186661573a776b427d8cc3438821243c0ea145626aa2802098f65a1b9da3c2a6cddfc2438e2f074d
경남-함안-2025-00165.png,https://storage.googleapis.com/capstone-366a6.firebasestorage.app/%EA%B2%BD%EB%82%A8-%ED%95%A8%EC%95%88-2025-00165.png?X-Goog-Algorithm=GOOG4-RSA-SHA256&X-Goog-Credential=firebase-adminsdk-fbsvc%40capstone-366a6.iam.gserviceaccount.com%2F20251006%2Fauto%2Fstorage%2Fgoog4_request&X-Goog-Date=20251006T141912Z&X-Goog-Expires=3600&X-Goog-SignedHeaders=host&X-Goog-Signature=0e2678d643f6e78e03dca5a06090e41037f74b6e4937f3a6ee936082932d5c71e520e2ad269216e89de701a29d55e0ebde7e7bd1e9d76dd5bd28ee27e205166453b5c2f7b0f69afe0d0543f3549d66e5e4d35519cc2de5d79ff8e59920538f107038e526c78a92812714479117956f96ed9bad16d25f013eaad8c435d0fd470a376f9fe5e381cb39f9ebe29ad80fa7bbb1ae26737929df0af7fc964329f3fb4e02ae7a6c73200cabce02d343ac2b274620e5229530263ebcf2a07654f74d86215ba70c7ee54e0d5ec9e3b0af7771ac30dd355a4c44abe1b50dd82e447cd4bcc64fd4d5720313b35adca8dd08a5d49034637c801e66624283e8ebb3bf0df8b8f4
경남-함안-2025-00266.png,https://storage.googleapis.com/capstone-366a6.firebasestorage.app/%EA%B2%BD%EB%82%A8-%ED%95%A8%EC%95%88-2025-00266.png?X-Goog-Algorithm=GOOG4-RSA-SHA256&X-Goog-Credential=firebase-adminsdk-fbsvc%40capstone-366a6.iam.gserviceaccount.com%2F20251006%2Fauto%2Fstorage%2Fgoog4_request&X-Goog-Date=20251006T141912Z&X-Goog-Expires=3600&X-Goog-SignedHeaders=host&X-Goog-Signature=1e9bdfa16b97d927cea369e0af6f793c44b8cd6c8a712006aa0b4539aa35739afa25024f89133ed62128aa0bb9af86feeaab1fdbb5bcd7011b8a7e82c8ce741e756dcbfd3cd0343687f06743cf44a9254d83f65688526ff600191174679480447942696ba8c65b5d7a00647ec0053afdc8b640b3b70372fa38fb80f9de7156ced066e3e020c225bf448dc619a7ee9786b477f2add8705033570f2e6ecbbe8fbd21120b61bbbfcb2eb4477bb725d6772546b608d6e9b1b38be82a851c1b880377b095071c85e3caa061858e4afa87a6eceb38ab3d501854960e25330b5d881cc4dab43220ad859ea391d955eb7af57ecf937f95bb9f1f51a52b9e3483420c187d
경남-합천-2025-00243.png,https://storage.googleapis.com/capstone-366a6.firebasestorage.app/%EA%B2%BD%EB%82%A8-%ED%95%A9%EC%B2%9C-2025-00243.png?X-Goog-Algorithm=GOOG4-RSA-SHA256&X-Goog-Credential=firebase-adminsdk-fbsvc%40capstone-366a6.iam.gserviceaccount.com%2F20251006%2Fauto%2Fstorage%2Fgoog4_request&X-Goog-Date=20251006T141912Z&X-Goog-Expires=3600&X-Goog-SignedHeaders=host&X-Goog-Signature=56e5ed7771b537f9b9fd7742eaaa7442e6bef3b386593b5b9e78888dcf96e5dad67a42a90a4aaac6c6599ecfdee70bc59beaedc30e3e067159606760d0bf0ec76925ea9fdfac459ea0e6e17ce84cb65e8091236d78fb5d637c1b5e47b0505780d2535c3640420be95bbe0891ccf42ed0adf6ec49b234ccb2e279a811e4a9e7baaf188fac14511361d48563996772901b72af25593674385ce79a51e681576aa2d599dd36509fcef10fef846f2a3b0ee08e4787d4f4b9bb59fdc79b33e0c3b31cf7dfee979535d41fc0810daca0e58f2c55d1d16c1a3b36e44197061ea082435b67aea27f97304c3716d896b12cf60f1b356bd5e3aabca208615422741c63b6da
경북-경산-2025-00367.png,https://storage.googleapis.com/capstone-366a6.firebasestorage.app/%EA%B2%BD%EB%B6%81-%EA%B2%BD%EC%82%B0-2025-00367.png?X-Goog-Algorithm=GOOG4-RSA-SHA256&X-Goog-Credential=firebase-adminsdk-fbsvc%40capstone-366a6.iam.gserviceaccount.com%2F20251006%2Fauto%2Fstorage%2Fgoog4_request&X-Goog-Date=20251006T141912Z&X-Goog-Expires=3600&X-Goog-SignedHeaders=host&X-Goog-Signature=8e7231bfb194702a731784a4be18c5f58cf068284e3076d84518bd6083e051384d17c9543cd7a399a3ba8cd867e94591e97e76e8ae7b69d06035c6272400807501aad474f6b22bc69626dba21e1d21210995e0a21e0823f6d0c88c91dc83b568e9a845877c8b61f98f3b96c54aa7d0ab27d4c6c1687aceaeda9307fbfb4c0e51af99e85e8535781d698ae2e1105e50b6947b18c15cd3ccd464e86755ee89ebac302008ade1f6763f212a4638b9e01baebbf9d1191cd102e18c94590091938e491cf0f7cb5e78ada9599325e515fce7834077cf842c34e8a4eda0267899a6c718014c8248bbae6752fa1a7fee3f4babb243c7bcb79ea9585972c5f37684cf941d
경북-상주-2025-00188.png,https://storage.googleapis.com/capstone-366a6.firebasestorage.app/%EA%B2%BD%EB%B6%81-%EC%83%81%EC%A3%BC-2025-00188.png?X-Goog-Algorithm=GOOG4-RSA-SHA256&X-Goog-Credential=firebase-adminsdk-fbsvc%40capstone-366a6.iam.gserviceaccount.com%2F20251006%2Fauto%2Fstorage%2Fgoog4_request&X-Goog-Date=20251006T141912Z&X-Goog-Expires=3600&X-Goog-SignedHeaders=host&X-Goog-Signature=0d170442f407697341f7cc3e54f985a84442e5dcaa9b714e1d1d90d180f3c04389b33524ff4c30deaf952ece76bd396e24edbec5c3447278d33e25032ef0f2bccd07ff51112afa1d78ee69c782701d537ec3e962fcf44185bb4e9a52e51b7cbf9161429059c80415d7e428311ae7c947f5d118f7079620970d3022e71edffd884b2805716c827c29fa1f2ec171237442426bdc28d50ad73c4abb2c61abbac8727e5a68b1eeea7beeebe17b9591325aec69909775b7c76b08cd70949965bcae9cf9e20097e7ea0322e489f2704e7476e21364ff93c647285656e05c2509d12feeaa6944c4fdd18f2513568ed21e7c10c62ab2184c48aee40398fb502d7bb29833
부산-북구-2025-00301.png,https://storage.googleapis.com/capstone-366a6.firebasestorage.app/%EB%B6%80%EC%82%B0-%EB%B6%81%EA%B5%AC-2025-00301.png?X-Goog-Algorithm=GOOG4-RSA-SHA256&X-Goog-Credential=firebase-adminsdk-fbsvc%40capstone-366a6.iam.gserviceaccount.com%2F20251006%2Fauto%2Fstorage%2Fgoog4_request&X-Goog-Date=20251006T141912Z&X-Goog-Expires=3600&X-Goog-SignedHeaders=host&X-Goog-Signature=1e99b185ac65c7c3a1c8ee63ca7f866c4512c1b4928166870c50ded32341eadf220efedde5b93aea8c1c2bbe02c413245ec1de479b1f59960610f761e8d342586ab3162ff3eddcdd2840c3ec4224af9d2b8cfade2679cc9594c98161e8817be96a607288f285d8646fb9bbbb8cf9bcff2bcebfa8cbd0b863fa6859531a3d99289418cf6e5e019dc717606dc611b48bb471a1e8c2bcfbdd6e77d2bab0504660a3b9e712ac6db7dceb3bf0d530691c167bf671a6b92182408b50a38c4a2b1c711b84f810efa13cfde537b6aed4acbfa1a8e5aa1d899ea4c7c4b4f378af3bd1050ec8c9f72b5b5e55a46c89d6d8c5e7ab9ca57d5122e5fdf44e541a60fd54d8ac1f
서울-강동-2025-00118.png,https://storage.googleapis.com/capstone-366a6.firebasestorage.app/%EC%84%9C%EC%9A%B8-%EA%B0%95%EB%8F%99-2025-00118.png?X-Goog-Algorithm=GOOG4-RSA-SHA256&X-Goog-Credential=firebase-adminsdk-fbsvc%40capstone-366a6.iam.gserviceaccount.com%2F20251006%2Fauto%2Fstorage%2Fgoog4_request&X-Goog-Date=20251006T141912Z&X-Goog-Expires=3600&X-Goog-SignedHeaders=host&X-Goog-Signature=78325febc5e65b1542426ed4cd4c3b45467db7664c5246cb2f8b88505cced24a4013aae05af95c9252f29b7340eb24e3b1d44158314a3961bd9c067626a828c97322e57fcdde4539a5297b44f5916102912a6b9d71c1fde43bd7624c6caef0c70f5753b481d7f7b50031128b143effd792be5f365731017b0f6409d2ef91d94aeea2ddf7a66a2f95953cc7f9053878c78d5d44193cb70775af5a24c176aacd6dc8e590a9c6ea620a8f54dcfe08b57ae37dab69ef46d717b9b6249a3a529fb49fa8f01f8a0d64e6ac19705951945eeb43c9919b2a132f4559a3529e640299253cdff718c47f3a8989dd6659a3a1a036d04f49771d6a284ccdbfa665074d5be0cd
전남-나주-2025-01145.png,https://storage.googleapis.com/capstone-366a6.firebasestorage.app/%EC%A0%84%EB%82%A8-%EB%82%98%EC%A3%BC-2025-01145.png?X-Goog-Algorithm=GOOG4-RSA-SHA256&X-Goog-Credential=firebase-adminsdk-fbsvc%40capstone-366a6.iam.gserviceaccount.com%2F20251006%2Fauto%2Fstorage%2Fgoog4_request&X-Goog-Date=20251006T141912Z&X-Goog-Expires=3600&X-Goog-SignedHeaders=host&X-Goog-Signature=18b1a3b3521dc396e8cdc257f8c8fe3ae33630076a1888ca31a654df1b8c712eb8943e7acd016e8ee221e1f0dfae3d7870e76fade63020a035a05590752e56ca2a6f8fe903bd905c75bd1129eee62bcb18f9e7871f740070b7bcbce2ade422f8fc4a4588887df4fce623a70ce1f5595733dea7d13b50cdb21cc6f6c8e93fe9c94667b5e0827c5171dfc2a3ec6d61ae41e9af524c2f859806040611a5f3c659f2abcf76239dbb2ac0b6dcb521dd9cf759017892492f636dd6bc408e9656787a654c95ee7672f89bd043144d6025859fcb74d517f6dc2c44ffc90d0429b5a06afdd17942afa32ec2a680325c90c107214dfb050d4d821f3fdb42b73b77bf6d2442
전남-완도-2025-00155.png,https://storage.googleapis.com/capstone-366a6.firebasestorage.app/%EC%A0%84%EB%82%A8-%EC%99%84%EB%8F%84-2025-00155.png?X-Goog-Algorithm=GOOG4-RSA-SHA256&X-Goog-Credential=firebase-adminsdk-fbsvc%40capstone-366a6.iam.gserviceaccount.com%2F20251006%2Fauto%2Fstorage%2Fgoog4_request&X-Goog-Date=20251006T141912Z&X-Goog-Expires=3600&X-Goog-SignedHeaders=host&X-Goog-Signature=71eaf9c05494a572965ef2e8d4529b6b3c6b61f97e4b2241e510a72d3363026cbc4dded8c70f1f9467e133bd68e66b9d9342e275f40cacfc2fcd7c36bf319e8e069064d62e3e6fb5f7624d2a3657b45b7c313c54ef461547c239e01c37de7746640406c69e996d6f0c6d8f26fde6768076f6420cb6c4fc11b4783d4bcda9c66bd4ef0781942483d97d089c4ddbcc5420377495136eec36816a0e8c29defb05c7ca39321a7dfe27f9aee498b024649cc047a11d2ec4473db5e8bac42d02c0d2be6ce01fe4fdf3a6bcf361ca1d61eead030849e0b5236a2d2042c774b4ce81c3bd806cc7215975cacd462944a6631a349f11d96e4eeb5362a5f6af74d9fd6cec8e
전북-김제-2025-00232.png,https://storage.googleapis.com/capstone-366a6.firebasestorage.app/%EC%A0%84%EB%B6%81-%EA%B9%80%EC%A0%9C-2025-00232.png?X-Goog-Algorithm=GOOG4-RSA-SHA256&X-Goog-Credential=firebase-adminsdk-fbsvc%40capstone-366a6.iam.gserviceaccount.com%2F20251006%2Fauto%2Fstorage%2Fgoog4_request&X-Goog-Date=20251006T141912Z&X-Goog-Expires=3600&X-Goog-SignedHeaders=host&X-Goog-Signature=46313ea8ab47516a2750435f880a4807c849eb93dbd3a3a2a537d0c071f370e0e8b4e0a76603e2f7ed455a6e7dbebde356d5a1e848d74683a8e8dc844bf11b2c759b6e26f694d35ef16c0a85eb05208c0924eb8003046c8e2ef65223b452aa09d28af033aa4bcdf8e4112de0ad49ed6107f1bbaf6100e50720fefc0daa844ad7fabd74c8a7835582b88eb7bc6b38c321afa3f42d962ee38763fe8a843fa6fe2626e33d7764b0fcc0f3bd6739b282699a23641f0ebdacaa2936887c8c8942de13cde6b2470e0a0197f9c6d1df404ee47c2ed6c531b762b79a32ced4f1216d03a0404d98b12e544626295a0ecef86a6c31236eeed8706c029eeb21e2ce81af3ba6
전북-부안-2025-00486.png,https://storage.googleapis.com/capstone-366a6.firebasestorage.app/%EC%A0%84%EB%B6%81-%EB%B6%80%EC%95%88-2025-00486.png?X-Goog-Algorithm=GOOG4-RSA-SHA256&X-Goog-Credential=firebase-adminsdk-fbsvc%40capstone-366a6.iam.gserviceaccount.com%2F20251006%2Fauto%2Fstorage%2Fgoog4_request&X-Goog-Date=20251006T141912Z&X-Goog-Expires=3600&X-Goog-SignedHeaders=host&X-Goog-Signature=b28c5c86955c15b847650d7edbd9fd5277b3fbf932b2163f4e8c0948e53a2d2edd451145f278afd8b1e310ef4fe997118a4d136b792e81c99bd46866f10256369879fb5ac1743fb6ea9883cba2fea31c154c9feadf67dd8372e2a6b5576e04fc30fa163cab62ae7dfd0bc46e058c984887dcc6894b3980c652fb16c37b7bdb977e451e18465261cad980553fccb12a111b8f72b7462968cd8808c17d52ab7b5be1fb78f08df3084e93836ed6b151041407802099316c84bd12812525812c903482e03d33e9574e0aedafd116f0e4ede8d7438260a31b4ed302182fb180c7149c8790c45479d3926d9d4fa90988836a799c1d9699206441aa3a7bb8815b6e1f75
전북-부안-2025-00504.png,https://storage.googleapis.com/capstone-366a6.firebasestorage.app/%EC%A0%84%EB%B6%81-%EB%B6%80%EC%95%88-2025-00504.png?X-Goog-Algorithm=GOOG4-RSA-SHA256&X-Goog-Credential=firebase-adminsdk-fbsvc%40capstone-366a6.iam.gserviceaccount.com%2F20251006%2Fauto%2Fstorage%2Fgoog4_request&X-Goog-Date=20251006T141912Z&X-Goog-Expires=3600&X-Goog-SignedHeaders=host&X-Goog-Signature=be9ceac1c1fd1b7accfd95086ddcaaf6bc35ac6e7c4d8cd9244e59245b373b71ca87547248ec08b898a2a7e006d9ac7d91d4acce112eda7f68479dc40ba785baa938995f5cbb6161edba3ee7eb5b04802a1bd16a197d1e0af57edcd504068bd6ff27fb485a4d98ba4f08820a35a5b369de1c161f82f06e5b5b0d6149213e93d5fd74af711aa4a4721351a36551230072a50cc2512db6f947244dba10cf540551656579b540f922c3c5f8344e8878e4f6f4051d0f735ae561c876e85bc24948f7f8823387e26f658b9144553ee8bf79cc97cf09f05145a6c1cdc4086953c9981df06a86b4ebed101bcc20ea31e998a43e1005f2bea81ced5ed3d3c0fddbe86d1d
전북-익산-2025-00962.png,https://storage.googleapis.com/capstone-366a6.firebasestorage.app/%EC%A0%84%EB%B6%81-%EC%9D%B5%EC%82%B0-2025-00962.png?X-Goog-Algorithm=GOOG4-RSA-SHA256&X-Goog-Credential=firebase-adminsdk-fbsvc%40capstone-366a6.iam.gserviceaccount.com%2F20251006%2Fauto%2Fstorage%2Fgoog4_request&X-Goog-Date=20251006T141912Z&X-Goog-Expires=3600&X-Goog-SignedHeaders=host&X-Goog-Signature=85fbb4d0102acd26fce22216098becba4c35f5dfc21a2a079ceeb0f4e3bf0b48840ec71d98fddd8d6a60136e9f7aedd52490f54e8e27a715ab8da00155943420a0b5c86f4cf86285b0fda33f0b289d6e38213660c4f717b949a933a27aff5f89b672671c700a7c12050f3cefe920eb47f1afdab35fc32cd4e534f405862c485ce2fe2ade12f1f4042a2a70f97778e9428b3b956a2880466456cd743dfcffe3eada698566cfd8362f91f3129834480b1e98b255a5611df30c423ad735f834f1907900c702089f3de5432a7bfac467fd5bdc72d0474f218c7c710165abb72f3162dbfe84e8e28f379b2740d180c21c5dbc8b97a9ec3d9abc3b39a51d0e17eb8b85
제주-제주-2025-01671.png,https://storage.googleapis.com/capstone-366a6.firebasestorage.app/%EC%A0%9C%EC%A3%BC-%EC%A0%9C%EC%A3%BC-2025-01671.png?X-Goog-Algorithm=GOOG4-RSA-SHA256&X-Goog-Credential=firebase-adminsdk-fbsvc%40capstone-366a6.iam.gserviceaccount.com%2F20251006%2Fauto%2Fstorage%2Fgoog4_request&X-Goog-Date=20251006T141912Z&X-Goog-Expires=3600&X-Goog-SignedHeaders=host&X-Goog-Signature=acf9667fc440b35ea1b8eb08ae66b12bf6d2865d13ee42c59f79231da6e5afb4d332382d1a50d48891f4e59998747ef2b7a721bf2e776ebe6cb1f9da72e9c2281fcce4a78727fec95754538e870c04138e6c472e771e3a117b509ccde20cf90db5f55572b3825d95bfd0217028fe23124fd6badaeb67c18cc6fb51151d2091996eab4cc5c1566fdb71379b63d7222b2214ebed270970c978e97a2441a52e1bd0c17825f0d2995449f68f6f0748c600740f7db7987183b594af7721008476dd0c5ae4642ac64edbb61ab922d6f7a54846603ae9d1ebd4899f6e06dfd6bfea815be4ee5030b00d8c0c2c6f347b1d38ccc5d859945dc7a2fdbe8835306ffc3a7442
충남-공주-2025-00191.png,https://storage.googleapis.com/capstone-366a6.firebasestorage.app/%EC%B6%A9%EB%82%A8-%EA%B3%B5%EC%A3%BC-2025-00191.png?X-Goog-Algorithm=GOOG4-RSA-SHA256&X-Goog-Credential=firebase-adminsdk-fbsvc%40capstone-366a6.iam.gserviceaccount.com%2F20251006%2Fauto%2Fstorage%2Fgoog4_request&X-Goog-Date=20251006T141912Z&X-Goog-Expires=3600&X-Goog-SignedHeaders=host&X-Goog-Signature=3b2d764c3e303284c71f130c5225ef47d5d2f2310e68a352ac6d4c6ca677262857feedcc765ade40305ca51eede2659626b11a159a43e1bceecd8c2ea4da56c3df6b717330b40af3f2cb8184ddc87bec6edc7777776b40a7f5b54760bd7342442aa55212115d6dbffeb37d6d0f38c626973a98060f0af71854311e68f03ce680e0710593d3af6a90b33061d68498f9aec9f2fde04da000cd5f2618f9b97843887d8968b1c65e567eb2b5db153d9e0d472638b86defd3aa0b44e82973f3ca043a923a911758c2bd28e959a9afe683dd7e7165504c4b082b16aae015b164d7420801122d039ba20bd3d08af857cdea32287a3e0c542cc523282f86e759d1deebac
충남-보령-2025-00300.png,https://storage.googleapis.com/capstone-366a6.firebasestorage.app/%EC%B6%A9%EB%82%A8-%EB%B3%B4%EB%A0%B9-2025-00300.png?X-Goog-Algorithm=GOOG4-RSA-SHA256&X-Goog-Credential=firebase-adminsdk-fbsvc%40capstone-366a6.iam.gserviceaccount.com%2F20251006%2Fauto%2Fstorage%2Fgoog4_request&X-Goog-Date=20251006T141912Z&X-Goog-Expires=3600&X-Goog-SignedHeaders=host&X-Goog-Signature=bc261f2330b68ba0a606119df15b7b33fc37135daa1e29bbaa8dd4694a6da7523123e5d050c2665511d245c92675a8643e69808a9c2eaac80e3e6f3c5a1f1491dd7ea380dc7e81b2ec8fc5af024bc51dbeac7c96fc0afc18e0eabd825253ed7dc5d9bd11fbf63a90246f2f3903ff5670e03bf5ddd3ae557ec4df62141cd9af4c8fc8e0e028f5bdfd55b9a5ac98345467a5108640e137fc000a7e75e86cc2698e7addd2c5512000ed8b2c0935a01cd87040d1faf79591e080a40a8eae02674c9459cbf440fed0063c7a7223d45448f4357c8796dc196945ec8e5cae81d08361b6892eb25982d709e81f63e47e539feb5d1723cf8e68e59f7cb54e3c39b0640ad6
충남-보령-2025-00301.png,https://storage.googleapis.com/capstone-366a6.firebasestorage.app/%EC%B6%A9%EB%82%A8-%EB%B3%B4%EB%A0%B9-2025-00301.png?X-Goog-Algorithm=GOOG4-RSA-SHA256&X-Goog-Credential=firebase-adminsdk-fbsvc%40capstone-366a6.iam.gserviceaccount.com%2F20251006%2Fauto%2Fstorage%2Fgoog4_request&X-Goog-Date=20251006T141912Z&X-Goog-Expires=3600&X-Goog-SignedHeaders=host&X-Goog-Signature=4ffa7a7877b55745887bd073479b9badb6d12755d92253584f946e516ad7a59b2f3fb958576bdff0eedafbc8f2fb98247d5af1f40a13d99ea5be9f8b6132740fc1e6f086050ef8edd084894ee47e012e86ce7f1a6ac35859ccd1419d99d0fd553bec83c774f7435346b41e1493808866a0187b979a5476deb181214b345fd650c63d34bbabc89939f4890fa4b1aa1930b2e0b97267099e7e95d4e1b72224832cb8fbb16b20c7496e2a0859e527ac4f1f30141b433f73542c5500984905e6695ac5a067c2a9d338a8304c53f9657566b3852dffc735941373036176b7a7a748f7d551cbd6e61564b67faa218121deed7496563dfb43f16f358f3a537110bb9036
충남-부여-2025-00327.png,https://storage.googleapis.com/capstone-366a6.firebasestorage.app/%EC%B6%A9%EB%82%A8-%EB%B6%80%EC%97%AC-2025-00327.png?X-Goog-Algorithm=GOOG4-RSA-SHA256&X-Goog-Credential=firebase-adminsdk-fbsvc%40capstone-366a6.iam.gserviceaccount.com%2F20251006%2Fauto%2Fstorage%2Fgoog4_request&X-Goog-Date=20251006T141912Z&X-Goog-Expires=3600&X-Goog-SignedHeaders=host&X-Goog-Signature=68473af5ea71e57e7c410f1cfae45cbaa61db81a0febd7defa33977fa59030e61575ed15ec491af35aa07ba5499058e2670fd1801173cca438a0f0863a72f13db3b00e74a1a41c8d88b3eea5aa761864b0a2d6bbf6a2738384c128dd46b6ae90f98e6076de1a75ce790d78064ec6c7045aa9e73ec7e46a5340917ca00ec8288615907c8d7cd2123f658500c7486a8643d2c16a42368fab1e658c72c32f1384094a10d4d3a523c81f1829c1ad18f3ac8444c1c4ca59790eee14c0891091856095bf1ef701ea7221ecf2391f2e26095e47464c05ac89f6a3298678a4b3ff2cb657c33ef4a54b9c9cc5eb10f2ecf1c42a91588c788d5a7e910c0c62b25791065fe8
충남-부여-2025-00331.png,https://storage.googleapis.com/capstone-366a6.firebasestorage.app/%EC%B6%A9%EB%82%A8-%EB%B6%80%EC%97%AC-2025-00331.png?X-Goog-Algorithm=GOOG4-RSA-SHA256&X-Goog-Credential=firebase-adminsdk-fbsvc%40capstone-366a6.iam.gserviceaccount.com%2F20251006%2Fauto%2Fstorage%2Fgoog4_request&X-Goog-Date=20251006T141912Z&X-Goog-Expires=3600&X-Goog-SignedHeaders=host&X-Goog-Signature=ab9368f10d9ced1749c2be873496439f716a876c5bb2be0b099380936fd8bf282e7cd7fb51e1f4ca24c8de765a4b3e63a1148594d7752616faa4ab08b7ff6005a707b2a703e2fe9f626a33c04dc6e1b8bfe1755fd7dd30d446af486e9e4b4b820c57f4e5f7e9c8676df0f9556b7e08304e13fa32630e1253b8a7319c198a0a588c04f54ff0ce96f9cd0ba35d0f3651f10203f8f11180e9b35efcf0e715638c73b62432827953840fc23aa12290539a995224191c99b8e754b81c4fceb58f869977a7f7e7e6324949db2277ad8d2c4458841c18236b5c96577b49951add5feea86582c2d582468117e86814a6263bfc30f952baf13fb087308062df4cf7264f01
